{
  "openapi": "3.0.1",
  "info": {
    "title": "Products",
    "description": "Documentation from products api",
    "version": "1.0.0"
  },
  "basePath": "/",

  "components": {
    "securitySchemes": {
      "bearerAuth": {
        "type": "http",
        "scheme": "bearer",
        "bearerFormat": "JWT"
      }
    }
  },

  "paths": {
    "/users": {
      "get": {
        "description": "Rota que traz todos os users",
        "tags": ["Users"],

        "responses": {
          "200": {
            "description": "OK"
          }
        }
      }
    },

    "/users/login": {
      "post": {
        "tags": ["Users"],
        "requestBody": {
          "content": {
            "application/json": {
              "schema": {
                "type": "object",
                "properties": {
                  "email": {
                    "type": "string"
                  },
                  "password": {
                    "type": "string"
                  }
                },
                "example": {
                  "name": "rodrigo@gmail.com",
                  "password": "123"
                }
              }
            }
          }
        },

        "responses": {
          "400": {
            "description": "Email ou senha invalidos"
          },
          "200": {
            "description": "OK"
          }
        }
      }
    },
    "/accommodations": {
      "get": {
        "description": "Rota para listagem de todas as locações",
        "tags": ["Accommodations"],
        "parameters": [
          {
            "in": "query",
            "name": "limit",
            "type": "number",
            "required": false
          },
          {
            "in": "query",
            "name": "query",
            "type": "string",
            "required": false
          },
          {
            "in": "query",
            "name": "guest",
            "type": "string",
            "required": false
          },
          {
            "in": "query",
            "name": "page",
            "type": "number",
            "required": false
          }
        ],

        "security": [
          {
            "bearerAuth": []
          }
        ],
        "responses": {
          "200": {
            "description": "OK"
          }
        }
      }
    },
    "/accommodations/searchAddressAutocomplete": {
      "get": {
        "description": "Rota para listagem dos endereços para barra de pesquisa",
        "tags": ["Accommodations"],
        "parameters": [
          {
            "in": "query",
            "name": "limit",
            "type": "number",
            "required": false
          },
          {
            "in": "query",
            "name": "query",
            "type": "string",
            "required": false
          }
        ],

        "responses": {
          "200": {
            "description": "OK"
          }
        }
      }
    },
    "/accommodations/accommodationsFree": {
      "post": {
        "tags": ["Accommodations"],
        "requestBody": {
          "content": {
            "application/json": {
              "schema": {
                "type": "object",

                "example": {
                  "from": "2020-02-29",
                  "to": "2020-02-29",
                  "guests": 99,
                  "rooms": [99],
                  "cities": ["string"],
                  "regions": ["string"],
                  "countries": ["string"],
                  "states": ["string"],
                  "properties": ["5dee464910450609ca7ea2d7", "XQ02F"],
                  "amenities": ["5dee464910450609ca7ea2d7"],
                  "inventory": ["string"],
                  "listingId": "5dee464910450609ca7ea2d7",
                  "sort": "rating",
                  "skip": 0,
                  "limit": 100
                }
              }
            }
          }
        },

        "responses": {
          "400": {
            "description": "Email ou senha invalidos"
          },
          "200": {
            "description": "OK"
          }
        }
      }
    },
    "/accommodations/{id}": {
      "get": {
        "description": "Rota para listagem de uma acomodação de acordo com seu Id",
        "tags": ["Accommodations"],
        "parameters": [
          {
            "in": "path",
            "name": "refStayId",
            "type": "number",
            "required": false
          }
        ],

        "responses": {
          "200": {
            "description": "OK"
          }
        }
      }
    },
    "/amenities/": {
      "get": {
        "description": "Rota para listagem de filtros = amenities",
        "tags": ["Amenities"],

        "responses": {
          "200": {
            "description": "OK"
          }
        }
      }
    }
  }
}
